jobPosition,companyName,jobLocation,Category,subCategory,detailsLink
Game Developer,Gamecrio Studios Pvt Ltd,"Ahmedabad, Gujarat, India",Information Technology / Software,Game Designer ,https://www.linkedin.com/jobs/view/2746462593/?eBP=CwEAAAF8d4CVSrORCWrTO9s5HKxscfotCrrUtLEQ4GfY6RX1I0i0_9-_PKMb-jFcftYPu7ZnwZwjiKnYyAcHRCxvCu8LQ4E0hkm1iQo6TuJoT6l-NJ4Q1onsLFvf5oSHo5sa_34kRnMMZpIrivvRznmZWgOQc10YGdH6cHEi-BBCib-Cvor_gI6_ecNHSzCpyuxlCJ3E_FAkM219Xna13ySe1RHAyTn1h3fdqrqMd6FJNhXk1BXOa_-BGxghaTE4uxvOny5KIFNCKTr4Kb1V6tzhs_5DKtsr6SqEk0AaSSdAiD7zPa1PW9IwX4CCqbzaQiumzBSv6O30A2k1b4GSzRyzTUdULlSlfsT0_XI6dLtq6jE1E4tVFWdaRqOuWQ3y4mm3xYID0Ky3KqA75FaF1Ad2dPhfCHlY&recommendedFlavor=ACTIVELY_HIRING_COMPANY&refId=VftTw4Rl4P68gWOdQM%2FxGg%3D%3D&trackingId=1h7vtuWGocOQNwfBLxiJcA%3D%3D&trk=flagship3_search_srp_jobs
Senior Game Designer,DYNAMICNEXT,"Kochi, Kerala, India",Information Technology / Software,Game Designer ,https://www.linkedin.com/jobs/view/2709515044/?eBP=CwEAAAF8d4CVSu-UhC-keiI8J0RBqjaJWyM8Txa3Mw76UpTezZKsrv_HJe8O3xoBxgQsJ1pJe11yRf7mXcSxEnfYmPAxR9rR1mmCQkLRrEQ9pnC_NFSCslxqSkH3eXjUn4P5IVE6BmPAuKXZW03sC5X64UDi73qKqIpDDXOfvAosMIuL5Vt_TGBMEZ901PEazlXBIsIyvYcVlERqOgkxZKN0H9Ew1W64AZsHbrNo6G4PMx62LXSkkYLGR-0C_IFSnv_dqdoaYKUPRdb3WyizXpFQE-Li4fPGtouu7-I2FTiWDg1-X51sIG2xG_Rz8WbP8pelsNL7ZOvsNgo9vIbebSlifY8jgdmaNrVBCoecW98VgbC9Y0l4ZkdH98d1G7LsWP4X17cT1cav7NULXHBz91KJ8MZ7vxXF&recommendedFlavor=JOB_SEEKER_QUALIFIED&refId=VftTw4Rl4P68gWOdQM%2FxGg%3D%3D&trackingId=mHPndl5OaSYeTG%2F1AEzvvw%3D%3D&trk=flagship3_search_srp_jobs
Game Developer,Navin prithvi productions,"Bangalore Urban, Karnataka, India",Information Technology / Software,Game Designer ,https://www.linkedin.com/jobs/view/2743917954/?eBP=CwEAAAF8d4CVShPyIo0PUjOxOiaB5LJj-MaQKBrwhUDV433YhJhJ0eN1_PaHGtxD_svHau8lmFGoRadS18XAV5HHBQeqxEEnjCXj6qR6SDb4XGAgoxtjU6RoptK0u7tU-AepBZDTdoxE9-Z37gp91DDpZ-ti_pXEByDlOVA-iPjyyuQ3PdzSCKOojXNI7eipdN2MAdT6XQH4zBan3FUF3IEMn4i77tFrABl8ahEcZGDm0fXP81ry9n4078fV40ybdeRxA6Y12qRDCVAxYffVrpvvHfvrV1axP22V-8_5gLemSm9cj3LPOMI_bd9tBCpJ6OtEOYCuIzT5HmwP_Rq9MPDISu_Q93k-ZUUOX1BS362oIt-VMJabSFx-Q3eRdctwgxdCz_h63tRItTUrGTD5cq386VmdTzDC&refId=VftTw4Rl4P68gWOdQM%2FxGg%3D%3D&trackingId=Ye0aaUEorz3P5kAc5UGDPQ%3D%3D&trk=flagship3_search_srp_jobs
Unity3D Game Developer(Multiplayer),LeagueX Gaming Private Limited,"Bengaluru, Karnataka, India",Information Technology / Software,Game Designer ,https://www.linkedin.com/jobs/view/2708699717/?eBP=CwEAAAF8d4CVSiUav9FnBpB64QQlQi6-PTstF6ansHtZZUt28M7SUTVwNs4i_EC3WjRU8zUBLV28B_erEl5ObSI6mH0TPm1ZLjVzsGtTfVsJIrF7zVK05YB7m3_tRa-U_mP8tn3Gmj8Qs1AS3owdtzgaG-6eNmQ2vchhcRsCaBPLyuhEDzy-0v8HUrKhyCVA0tuSbVmx8jA_1dhS-CGIa8DChCvu38fyJCFQfr5fY9glXtjc0W-XyFqohvDSAVafIsGIUPihYYAIN7zBw5Y0T3ZHWltax_NvskP_rQyG4h0Uj82wR1UTkudHG5baRkBqN0Gfm7atgE6opGRDEx6mlUt4XgLgYibybG1qq-jXNYTcaTAoCG8jq0ngdlZY4O9KogmbP6NzdRfdNKuSsW6DTFW6XS-KscHa&recommendedFlavor=ACTIVELY_HIRING_COMPANY&refId=VftTw4Rl4P68gWOdQM%2FxGg%3D%3D&trackingId=mxVYknq2Lio4gxdShaZNpw%3D%3D&trk=flagship3_search_srp_jobs
Senior Game Designer,Zynga,"Bengaluru, Karnataka, India",Information Technology / Software,Game Designer ,https://www.linkedin.com/jobs/view/2748402608/?eBP=JOB_SEARCH_ORGANIC&recommendedFlavor=SCHOOL_RECRUIT&refId=VftTw4Rl4P68gWOdQM%2FxGg%3D%3D&trackingId=4W5EeXG8uXOVQf6kyfLIpg%3D%3D&trk=flagship3_search_srp_jobs
Game Developer - Fresher & Experianced,Mannadiar Media Pvt. Ltd.,"Palghat, Kerala, India",Information Technology / Software,Game Designer ,https://www.linkedin.com/jobs/view/2748418164/?eBP=JOB_SEARCH_ORGANIC&recommendedFlavor=ACTIVELY_HIRING_COMPANY&refId=VftTw4Rl4P68gWOdQM%2FxGg%3D%3D&trackingId=8g4nctyhuDJM23y4uYePNQ%3D%3D&trk=flagship3_search_srp_jobs
Game Developer,Practically,"Hyderabad, Telangana, India",Information Technology / Software,Game Designer ,https://www.linkedin.com/jobs/view/2673452441/?eBP=CwEAAAF8d4CVSncpRDIqM3uPInvmPcRSy8d8irymjIiKymG2ekGULbZroJd63w5KjF1H_NsvMSaRZSA59w-nBfW0TvgeeS_4jyqOuE0w8kq30jeP7GLLo66UqcHZR6udjV3sikMJzL6UnLNy9aRE7-1y58w2N8ZiMKHGOeucXJP779nlMoVjX6GNRIYuJODl41BQ498PDjjVKkkiedM42QCpHzJWzHy32A7x1zhcj_ESY_ChsR_youJjSg4_i0kGpRjnE9QOZfou37RScc-THwYVlzO3gC6vnZ74hdpBTqQIpJzxn2vXKvaYomUMKgB3ZOjDZxk8Z9awcQznCHq-4WtTvgJp8dQLvc7TK-PbfUN-I4vVRNnVQylnH2CA5vxO0PP6P0N7_W_3xN8fj66ifpxWax9c5-0r&recommendedFlavor=ACTIVELY_HIRING_COMPANY&refId=VftTw4Rl4P68gWOdQM%2FxGg%3D%3D&trackingId=OmGmMjYgIqYNyCH9QDBylg%3D%3D&trk=flagship3_search_srp_jobs
Game Developer (Unreal Engine),Masala Games Private Limited,"Ahmedabad, Gujarat, India",Information Technology / Software,Game Designer ,https://www.linkedin.com/jobs/view/2706675945/?eBP=CwEAAAF8d4CVSkM_uNipCe47fJ-FxXm8MjPTw798PCk1iRmEhEh4m-yBEDb5twbBThDAo_gEXh17Ibkm3thp-swWWyV4BHh6d5uzwatC5GXu8uAR4to83BaKOVBFCBov2Rr75gIFUNAqmCvm4e43MQyyB2859KtwBZ-akgtYi9lqZemydlKGn6lvFz0aq1yTr1mLi2lrqEuMASv67oeeMQ1gyylK8UCxXDCcuHA7TG6HxaJhrnDEla9eC9PwjUokHphGLuL7CxPbPy-h3cJrlrg7eCglGPYMgFxvzmgVc38QwjggP86ND_FiagFl5rsg_5R8myMq5vJq367OMSHsDCEoDBSVZLZ9jm0DvRmTu07vNvZvt-SDpbzeM5fo2WBSskS3qsnMg956A1Ys-7qKvnZ0wUKHko_I&recommendedFlavor=JOB_SEEKER_QUALIFIED&refId=VftTw4Rl4P68gWOdQM%2FxGg%3D%3D&trackingId=KUsJ9j2g8OgPSUwSMEYC%2Fg%3D%3D&trk=flagship3_search_srp_jobs
Game Designer,Zynga,"Bengaluru, Karnataka, India",Information Technology / Software,Game Designer ,https://www.linkedin.com/jobs/view/2745688288/?eBP=JOB_SEARCH_ORGANIC&recommendedFlavor=SCHOOL_RECRUIT&refId=VftTw4Rl4P68gWOdQM%2FxGg%3D%3D&trackingId=ool74MqRsXRBR%2FNpFmS%2BtQ%3D%3D&trk=flagship3_search_srp_jobs
DTP / Typographical Designer,BlueRose Publishers Pvt. Ltd.,"Uttar Pradesh, India",Information Technology / Software,Game Designer ,https://www.linkedin.com/jobs/view/2753387742/?eBP=JOB_SEARCH_ORGANIC&recommendedFlavor=SCHOOL_RECRUIT&refId=VftTw4Rl4P68gWOdQM%2FxGg%3D%3D&trackingId=t2xHRnhWx4PtJeop92lPSg%3D%3D&trk=flagship3_search_srp_jobs
Sr Game Designer,Aristocrat,"Gurgaon, Haryana, India",Information Technology / Software,Game Designer ,https://www.linkedin.com/jobs/view/2746555200/?eBP=JOB_SEARCH_ORGANIC&recommendedFlavor=SCHOOL_RECRUIT&refId=VftTw4Rl4P68gWOdQM%2FxGg%3D%3D&trackingId=QJQLZNt2PgWmdRuDi4piZg%3D%3D&trk=flagship3_search_srp_jobs
Visual Identity SCORE reviewer 1,EY,"Gurugram, Haryana, India",Information Technology / Software,Game Designer ,https://www.linkedin.com/jobs/view/2746694845/?eBP=JOB_SEARCH_ORGANIC&recommendedFlavor=SCHOOL_RECRUIT&refId=VftTw4Rl4P68gWOdQM%2FxGg%3D%3D&trackingId=ghNnaqzdCf3mjdNskSMhtA%3D%3D&trk=flagship3_search_srp_jobs
Senior Game Designer,Zynga,"Bengaluru, Karnataka, India",Information Technology / Software,Game Designer ,https://www.linkedin.com/jobs/view/2745686735/?eBP=JOB_SEARCH_ORGANIC&recommendedFlavor=SCHOOL_RECRUIT&refId=VftTw4Rl4P68gWOdQM%2FxGg%3D%3D&trackingId=rZ8JqjqyM90awSBsgbHicg%3D%3D&trk=flagship3_search_srp_jobs
Game Engine Software Developer,Machani Group,"Bangalore Urban, Karnataka, India",Information Technology / Software,Game Designer ,https://www.linkedin.com/jobs/view/2746681059/?eBP=CwEAAAF8d4CVSvplVrPMGh4IA3xoJ_Uxyi9289ld7lu7KLtw3IPMY-0bBVtVXTw_6TOozObitAwN2U7reuN5LiOkYqPX5WMnRP8JQwoKJo0CKRkYVmoUUsWcV-JRqQI90d5fsk2pGj1YI9x5590R0iwGY6bpznrziC2UHIuZtKYXWdcpUufvCDIw0Ryab5IsrefFp312au21-HHwnghm_CUiddkZzeIfqi2tHmiHQnG_g4nQ8n5hcjo0QB5m8XNaFTCiYGqloeUp3-P3SyZsNYLE3lywGniWG-tj4QC_kP4oMzXGr_vhCO6bEC1RBkuNqBEihoX9PKjYSPZqLghq_6woE0JRoOfnnUNVBZyfpqSlRA&refId=VftTw4Rl4P68gWOdQM%2FxGg%3D%3D&trackingId=m%2F6aElR9A%2BVz7cnHqoa5hg%3D%3D&trk=flagship3_search_srp_jobs
Game Designer,OneFitPlus,"Hyderabad, Telangana, India",Information Technology / Software,Game Designer ,https://www.linkedin.com/jobs/view/2693603686/?eBP=CwEAAAF8d4CVSpVjjY--v8sLorNEqoGcSPJDGoHkavPsb_mtQnAb4LouZhoHABkPMq_UmH9RNPcQAuYRtOp2U4kqsNydo6kNF_ntGONkzgOoq3ra5DtAU0qu3wEDN6PfmwEdixyZvBJe9Qg1EjyJ3ieKlLE2LAPy6rDbMU8vn2pm7xApumf_iUKtfyb3J5QAQEjVyFqIuPXXQXOUUL1SUSca5Fi2DX8bPp_EqRzmbcWC1GCIO5zGZwxU-7pMP3jdStd731T2ZUysKciZOXoSVMuOGmDR8XELOo18CFKSdPQQk5lbKg8GrYXYNiFZy9du6CE7vF1RLphxdkAKRvwyh4DfKikvqFMLccFBM3RiHUPUnZnB1xezlw0&recommendedFlavor=SCHOOL_RECRUIT&refId=VftTw4Rl4P68gWOdQM%2FxGg%3D%3D&trackingId=VJ6YbJzHlJvDKW3yVZG67w%3D%3D&trk=flagship3_search_srp_jobs
Content Writer & Social Media Designer,Writeen,"Surat, Gujarat, India",Information Technology / Software,Game Designer ,https://www.linkedin.com/jobs/view/2747326539/?eBP=JOB_SEARCH_ORGANIC&refId=VftTw4Rl4P68gWOdQM%2FxGg%3D%3D&trackingId=j3%2F97%2B1dXWZrBmt3%2FZcqmg%3D%3D&trk=flagship3_search_srp_jobs
Associate Game Designer,Reliance Games,"Pune, Maharashtra, India",Information Technology / Software,Game Designer ,https://www.linkedin.com/jobs/view/2729439596/?eBP=JOB_SEARCH_ORGANIC&recommendedFlavor=SCHOOL_RECRUIT&refId=VftTw4Rl4P68gWOdQM%2FxGg%3D%3D&trackingId=xcbBCNXB6Gtd6IWe576SNQ%3D%3D&trk=flagship3_search_srp_jobs
LOGO DESIGNER,RISHABH PIXXEL,"Noida, Uttar Pradesh, India",Information Technology / Software,Game Designer ,https://www.linkedin.com/jobs/view/2749998507/?eBP=JOB_SEARCH_ORGANIC&refId=VftTw4Rl4P68gWOdQM%2FxGg%3D%3D&trackingId=hGvANgRqT3s8tjllLu%2Biqg%3D%3D&trk=flagship3_search_srp_jobs
Game Designer,Todquest Enterprises,"Noida, Uttar Pradesh, India",Information Technology / Software,Game Designer ,https://www.linkedin.com/jobs/view/2746632530/?eBP=JOB_SEARCH_ORGANIC&recommendedFlavor=JOB_SEEKER_QUALIFIED&refId=VftTw4Rl4P68gWOdQM%2FxGg%3D%3D&trackingId=IN8lFhApk7QGqzyljAY2jQ%3D%3D&trk=flagship3_search_srp_jobs
Senior Game Designer,Serves Solution,India,Information Technology / Software,Game Designer ,https://www.linkedin.com/jobs/view/2746673632/?eBP=JOB_SEARCH_ORGANIC&refId=VftTw4Rl4P68gWOdQM%2FxGg%3D%3D&trackingId=yfdH%2B6ca6ywkONzAM1AKQw%3D%3D&trk=flagship3_search_srp_jobs
Game Tester (Unity),Hopscotch Health,"Mumbai, Maharashtra, India",Information Technology / Software,Game Designer ,https://www.linkedin.com/jobs/view/2749125716/?eBP=JOB_SEARCH_ORGANIC&recommendedFlavor=ACTIVELY_HIRING_COMPANY&refId=VftTw4Rl4P68gWOdQM%2FxGg%3D%3D&trackingId=7pzgaOWLee8RAUTUJPh7lw%3D%3D&trk=flagship3_search_srp_jobs
Game Designer,Infocom Software Pvt. Ltd.,"Kochi, Kerala, India",Information Technology / Software,Game Designer ,https://www.linkedin.com/jobs/view/2753753866/?eBP=JOB_SEARCH_ORGANIC&refId=VftTw4Rl4P68gWOdQM%2FxGg%3D%3D&trackingId=v%2ByRgKjt1N45S2qDg4Anyg%3D%3D&trk=flagship3_search_srp_jobs
Jr. Designer & Jr. Merchant,Creative Garments Pvt. Ltd.,"Gurugram, Haryana, India",Information Technology / Software,Game Designer ,https://www.linkedin.com/jobs/view/2744629934/?eBP=JOB_SEARCH_ORGANIC&refId=VftTw4Rl4P68gWOdQM%2FxGg%3D%3D&trackingId=0fKrLZhntqWudzn2O3H01Q%3D%3D&trk=flagship3_search_srp_jobs
Casual Games Monetisation Designer,Kwalee,"Bangalore Urban, Karnataka, India",Information Technology / Software,Game Designer ,https://www.linkedin.com/jobs/view/2744641437/?eBP=JOB_SEARCH_ORGANIC&recommendedFlavor=SCHOOL_RECRUIT&refId=VftTw4Rl4P68gWOdQM%2FxGg%3D%3D&trackingId=VXlF5am%2BNKpbs8NwtGtxlg%3D%3D&trk=flagship3_search_srp_jobs
SR. Game Designer,serve solution service,India,Information Technology / Software,Game Designer ,https://www.linkedin.com/jobs/view/2749992013/?eBP=JOB_SEARCH_ORGANIC&refId=VftTw4Rl4P68gWOdQM%2FxGg%3D%3D&trackingId=94lGjfxoStTn9QmdoYUyGg%3D%3D&trk=flagship3_search_srp_jobs
Graphic Designer,PeakMind.in,"Bengaluru, Karnataka, India",Information Technology / Software,Game Designer ,https://www.linkedin.com/jobs/view/2749967205/?eBP=JOB_SEARCH_ORGANIC&recommendedFlavor=SCHOOL_RECRUIT&refId=%2BWscRhA2mLo7R3AyEfA1%2FA%3D%3D&trackingId=iQwlUIi2DDJmUX7H3TNZvw%3D%3D&trk=flagship3_search_srp_jobs
Graphic Designer,India Report Card Media Pvt. Ltd,"Noida, Uttar Pradesh, India",Information Technology / Software,Game Designer ,https://www.linkedin.com/jobs/view/2753388875/?eBP=JOB_SEARCH_ORGANIC&refId=%2BWscRhA2mLo7R3AyEfA1%2FA%3D%3D&trackingId=eo%2Bilooihub3f12xIr5huA%3D%3D&trk=flagship3_search_srp_jobs
Senior Game Designer,99Games,"Udupi, Karnataka, India",Information Technology / Software,Game Designer ,https://www.linkedin.com/jobs/view/2427096750/?eBP=CwEAAAF8d4CZkubSO5KeRZ1XFHNWRDWCamO8ypPc5GXHY_Rx8IJz-a49VFEQD3tSqG-_uekbKy-z1EWEXcQgEOMbnCa9S0uEdKR0H0a_NYFiAI_r_O6XeQiLAAmeWQp6NL3YCKnlQ6o7zF1XAsZRaFLBqMSzS9xZkyC636ZJFMJEnpPCS3d8XFUIMZS3S0YktBM8kghMNMbDhme8gj12ZsJBLVSG2fUGDQvsbEoessRVt_yy6pBcdtZNrmgmuQltPV9500n3_TO0cPLh6ST7XlrIz5c2HVKcqe7QpqDS8YEeiQjMRyThKBZeRWOFKBsyQPB4PkDL6sKcDig90ae73HkS8IYEnym_bR92Vfvra7BKCNEQ3tWqWxvwKIMNiCH2V0s&recommendedFlavor=ACTIVELY_HIRING_COMPANY&refId=%2BWscRhA2mLo7R3AyEfA1%2FA%3D%3D&trackingId=s2Z5WvuXw3%2BdRcbhyjBL%2Fg%3D%3D&trk=flagship3_search_srp_jobs
Game Developer,Omnaya Studios,"Ahmedabad, Gujarat, India",Information Technology / Software,Game Designer ,https://www.linkedin.com/jobs/view/2749989991/?eBP=CwEAAAF8d4CZkgz_jwGhf9uWXTJkQPHkiQtU-iSLjYXoPymxknz_6lVXT_TC31FTM3S3Osd8ZYtNb7l5GhPbwyGdSNk0-vsHXnIo4g1K28St2q2iC7o2qMyiBhOT73THY7a8mt-t_xUwlwm03XjA6jE73H8X1mENhbDPXBZklIaDYLO6VcaHHC6fKZxHIuxTFBL8rpEUt2GOyFpWNUwHJYHP-ECHvtUbNH49tTQD7riDv__IEuE71fcxAKepa29WoTR5YdDEWQg6i_kGeF6zS11qOYWq3yxlOgxrL7ANiy8QtBMgTg-NeYx2pys4Vyvptq7D9BkboVBL9SEDEcK-jiQiudwnC8ehcW_ZKsto8E8&refId=%2BWscRhA2mLo7R3AyEfA1%2FA%3D%3D&trackingId=4OpQLoVKQx4W%2Bp1M4JroBw%3D%3D&trk=flagship3_search_srp_jobs
Student,ONLINE WORK FROM HOME OPPORTUNITY,"Indore, Madhya Pradesh, India",Information Technology / Software,Game Designer ,https://www.linkedin.com/jobs/view/2743920041/?eBP=JOB_SEARCH_ORGANIC&recommendedFlavor=SCHOOL_RECRUIT&refId=%2BWscRhA2mLo7R3AyEfA1%2FA%3D%3D&trackingId=Uru1EqS7tIpKLNS4NYzdug%3D%3D&trk=flagship3_search_srp_jobs
Unity game Developer,Poize Games Pvt Ltd,"Noida, Uttar Pradesh, India",Information Technology / Software,Game Designer ,https://www.linkedin.com/jobs/view/2749975940/?eBP=JOB_SEARCH_ORGANIC&refId=%2BWscRhA2mLo7R3AyEfA1%2FA%3D%3D&trackingId=ijm9PoB0IAvysCPSa01gOg%3D%3D&trk=flagship3_search_srp_jobs
Sr Game Mathematician/Designer II,Aristocrat,"Noida, Uttar Pradesh, India",Information Technology / Software,Game Designer ,https://www.linkedin.com/jobs/view/2744442970/?eBP=JOB_SEARCH_ORGANIC&recommendedFlavor=SCHOOL_RECRUIT&refId=%2BWscRhA2mLo7R3AyEfA1%2FA%3D%3D&trackingId=9qAEEdztUAYuAIZtzuZHiQ%3D%3D&trk=flagship3_search_srp_jobs
Project Assistant (NEXT GENERATION SEQUENCING AND BIOINFORMATICS)),ICMR-National Institute of Research in Tribal Health,"Jabalpur, Madhya Pradesh, India",Information Technology / Software,Game Designer ,https://www.linkedin.com/jobs/view/2744713799/?eBP=JOB_SEARCH_ORGANIC&refId=%2BWscRhA2mLo7R3AyEfA1%2FA%3D%3D&trackingId=B0OAiZpWPgZK2IjzfxNWvw%3D%3D&trk=flagship3_search_srp_jobs
Game Tester,Rockstar Games,"Bengaluru, Karnataka, India",Information Technology / Software,Game Designer ,https://www.linkedin.com/jobs/view/2000060318/?eBP=JOB_SEARCH_ORGANIC&recommendedFlavor=SCHOOL_RECRUIT&refId=%2BWscRhA2mLo7R3AyEfA1%2FA%3D%3D&trackingId=sc1ah0YbTOH%2BIFYaA8%2FPUg%3D%3D&trk=flagship3_search_srp_jobs
Game Developer,Sensussoft Software Pvt.Ltd,India,Information Technology / Software,Game Designer ,https://www.linkedin.com/jobs/view/2721020342/?eBP=CwEAAAF8d4CZkiyOKs1HyA_conTi7bNNjP2XnBQIrBN8JXrfeNo2G4G0CA92SQ_T6OugEBb__Y-nt94NLLlYIqign85JulgXMVTpDnzwGJmzoq9iKJP3OlprDYFIwAnqU3OiwStH2zVC1QbaCKLcvc6jPTCPk7r2_lUmrOe12A2HtJHy0CXDTDu5KqvVtE7xWF01E6kRWyfG4sNmv9YcdUBPj3NEW9xDNGl6WZncoaoBv06O5byYJP15Qh2JiTQWbs6Ri_Gjugcr3512GfYqb3wQythBBcFE1OiQoB-kQh1eF8QJPJma-3cM_RcuMcl-wDyqkhwv2PkWuF1CUVfAeNdUY01QolWUt2xhLrKgSqrowZ63coeu&refId=%2BWscRhA2mLo7R3AyEfA1%2FA%3D%3D&trackingId=10XcSbCEKYP9KpGTS%2BvHDg%3D%3D&trk=flagship3_search_srp_jobs
Game Designer,Sumo Digital Ltd,"Pune, Maharashtra, India",Information Technology / Software,Game Designer ,https://www.linkedin.com/jobs/view/2740177950/?eBP=CwEAAAF8d4CZkrUq9kRmea8cITJsITWTMMuNfpabxfXZh3JFPEE6J9WyPDgInwyasgJBM0xXhpOWxut7cTsIC3XCcqtFBHmPQWD3OBLlbGpx5C2AIGlELseYBlDmeoXOTeyNLV8wE3FppZ6BJ8Z2E57mkNmD2LpWX1Byqn934kES9hnFLeeMdfIvUJICpNwkc2cdRwL7-F9_OV_yHHMN46_5LVc2zGu4oXxU12zBPflf1PfyXMag4O0dtyuT4-ybG55toB_pbUHnCmXdASmzulEDH-rc_DwB06zZNxA-HtjV4Ni_Kp8S6OzlnGo6ORNALJTCharfEKKfma0Nyy98m_IyWrawPIPbF4xW9ksiTz1etm710x3AJwgGyp77Bti7GcY&recommendedFlavor=JOB_SEEKER_QUALIFIED&refId=%2BWscRhA2mLo7R3AyEfA1%2FA%3D%3D&trackingId=vpgvgWSoaj5ST3Tn9lMMAA%3D%3D&trk=flagship3_search_srp_jobs
Game Designer - 100% Remote working role,Cympl Studios,India,Information Technology / Software,Game Designer ,https://www.linkedin.com/jobs/view/2724608054/?eBP=CwEAAAF8d4CZktzjon35hSOwv1zLzKV4MQeRFqWMdn4Eq3oznlOyf_F-A1NtxjEoFUJyHgCga0Ej0YDc9_fHA7LVeJYKFyZ5zqFOos4R3gcqvRVZp1yCxMdgRjHCpJXk4wbLDJ5eLQv8-2DrTDK8gKQ8dL2zSgQ_G6yGICnnkGLy1fC-IHZMwXh-2clC6ESdO0baSpJzXA0CFs0J7gPykUYqInoGJ3M0-AgxXMNdhp0WxdZHImWWdFIWLkqQICjgqZ9sFbyJvaMA1qB4XiAqmz-HkretGhvvKAIdiseRLoJyWFNoeCUnwYT_A4MeSIKvcxqoGAAdM8h60ykN3_H35ZivxFOYGhnTRqOjUQiJ-64DP3e6iilpfLp7PxA955OddtE&recommendedFlavor=ACTIVELY_HIRING_COMPANY&refId=%2BWscRhA2mLo7R3AyEfA1%2FA%3D%3D&trackingId=hxDcqMqzcyNY6w9FiigSIQ%3D%3D&trk=flagship3_search_srp_jobs
Game Backend Engineer - Node.js,AppRoarr Studios,"Delhi, India",Information Technology / Software,Game Designer ,https://www.linkedin.com/jobs/view/2728561699/?eBP=CwEAAAF8d4CZkhqbbo_POUAdGTLkOsW3hMzC5uCNrFbDjDsMlBk6iLSE83AVCx7sJ0rcDuCxljVGZE6jSeEY9GhlYJcDLNBJEPRdww5B7RvYRTCtxz14MDpATF5W0RuqRTYY1EI1pWjq9r71OmeP99r_hA2f3-SVkc6SeT4cB6ha3PCiLJLz7R7qzLBmrr0uryqdvLUe3e4OqCbbgqRBPC9JgYtQMczKvFQrP9Gn6sFZPqKGak-DPkiDIqcAbMmAAlVIS2QLhqvasAVmpKaUdWr_RGjx_A9zZCfp2mFXxbKNnoIgQFYVWQCnzNmHR-KUPMu72Ak__ADxuRquuFtsAF8fxRhs-teNapPFMlgXzutAsSH0NkKG&recommendedFlavor=ACTIVELY_HIRING_COMPANY&refId=%2BWscRhA2mLo7R3AyEfA1%2FA%3D%3D&trackingId=H4nszaC5XEhK2EFOsjsTpg%3D%3D&trk=flagship3_search_srp_jobs
Senior Game Developer,Lucid Labs Pvt. Ltd.,India,Information Technology / Software,Game Designer ,https://www.linkedin.com/jobs/view/2708897495/?eBP=CwEAAAF8d4CZkqjfBhyCXfHJICmRyAm_gftVv_54ELSY5NYwJqg1jXnkVu2PwURV6-ZlGV0YxG9ILnd38eYch7OZ0-Oy16t09-4lUDaa5dcu-oNpdFmhYq02H8-4RH2eLJgPkY00C9cbBSmoW5A48XbqZZ-w0Mvw9mSOOA03pyPv0UaBl6OWE5LnSS035rTvGuVXr_EKKKZPXkLiQrlNV3NMD9vbA0V5Xd3s0SqXXEu4LdoCZ_fGGHUAtinIWeXhfwItfZlSmU1VrN0POBAMdKL9IIyn_F8CBEy1HtvNtfrj0cOAHSxQqqe2F3h56_5VC_fQ9V5fr3MDG9-6ltf98AubZcRz4SrSZt-pzNiAfnlBnNV7T04Jaxb602XTAY8Sxw4QQtV0izP9t5ckwRnARZQpqpEHSx8&recommendedFlavor=ACTIVELY_HIRING_COMPANY&refId=%2BWscRhA2mLo7R3AyEfA1%2FA%3D%3D&trackingId=p48uS2RYdlj2xYXW8B1ILw%3D%3D&trk=flagship3_search_srp_jobs
Student,NGE Club,"New Delhi, Delhi, India",Information Technology / Software,Game Designer ,https://www.linkedin.com/jobs/view/2743617080/?eBP=JOB_SEARCH_ORGANIC&refId=%2BWscRhA2mLo7R3AyEfA1%2FA%3D%3D&trackingId=xa5NUC8Pk8awnaCf0fWe4g%3D%3D&trk=flagship3_search_srp_jobs
Game Mathematician - I,Aristocrat,"Gurgaon, Haryana, India",Information Technology / Software,Game Designer ,https://www.linkedin.com/jobs/view/2743020112/?eBP=JOB_SEARCH_ORGANIC&recommendedFlavor=SCHOOL_RECRUIT&refId=%2BWscRhA2mLo7R3AyEfA1%2FA%3D%3D&trackingId=kFfbso44961b2VQk5ulYWg%3D%3D&trk=flagship3_search_srp_jobs
Work for student,Delhi Public School - R. K. Puram,"New Delhi, Delhi, India",Information Technology / Software,Game Designer ,https://www.linkedin.com/jobs/view/2739610745/?eBP=JOB_SEARCH_ORGANIC&recommendedFlavor=JOB_SEEKER_QUALIFIED&refId=%2BWscRhA2mLo7R3AyEfA1%2FA%3D%3D&trackingId=TzkZ9yybYti7%2FnfUJFE05A%3D%3D&trk=flagship3_search_srp_jobs
Work from anywhere (students),Online work,"Varanasi, Uttar Pradesh, India",Information Technology / Software,Game Designer ,https://www.linkedin.com/jobs/view/2719656284/?eBP=JOB_SEARCH_ORGANIC&recommendedFlavor=JOB_SEEKER_QUALIFIED&refId=%2BWscRhA2mLo7R3AyEfA1%2FA%3D%3D&trackingId=2gKPllWBrZ9InKyMIx8plg%3D%3D&trk=flagship3_search_srp_jobs
Sr Game Mathematician/Designer II,Aristocrat,"Noida, Uttar Pradesh, India",Information Technology / Software,Game Designer ,https://www.linkedin.com/jobs/view/2725102904/?eBP=JOB_SEARCH_ORGANIC&recommendedFlavor=SCHOOL_RECRUIT&refId=%2BWscRhA2mLo7R3AyEfA1%2FA%3D%3D&trackingId=6zOvx9HnG8Dl9K0nCjvLrg%3D%3D&trk=flagship3_search_srp_jobs
Graphic Designer,Unison Education Foundation,"Dehra Dun, Uttarakhand, India",Information Technology / Software,Game Designer ,https://www.linkedin.com/jobs/view/2747729486/?eBP=JOB_SEARCH_ORGANIC&refId=%2BWscRhA2mLo7R3AyEfA1%2FA%3D%3D&trackingId=JhwVJjhRX6TGj2Lg9vzq5A%3D%3D&trk=flagship3_search_srp_jobs
Graphic Designer_Powerpoint Specialist_Staff 2 1,EY,"Bengaluru, Karnataka, India",Information Technology / Software,Game Designer ,https://www.linkedin.com/jobs/view/2744645964/?eBP=JOB_SEARCH_ORGANIC&recommendedFlavor=SCHOOL_RECRUIT&refId=%2BWscRhA2mLo7R3AyEfA1%2FA%3D%3D&trackingId=EhMlE8qEfxu5DVx1BYEENw%3D%3D&trk=flagship3_search_srp_jobs
Senior Officer - Design(kidswear),Myntra,"Bengaluru, Karnataka, India",Information Technology / Software,Game Designer ,https://www.linkedin.com/jobs/view/2740102397/?eBP=JOB_SEARCH_ORGANIC&recommendedFlavor=SCHOOL_RECRUIT&refId=%2BWscRhA2mLo7R3AyEfA1%2FA%3D%3D&trackingId=mCCbmAwb1YS8Au16yLuW9Q%3D%3D&trk=flagship3_search_srp_jobs
Student Intern,LEARNOVATE ECOMMERCE,India,Information Technology / Software,Game Designer ,https://www.linkedin.com/jobs/view/2738903084/?eBP=JOB_SEARCH_ORGANIC&recommendedFlavor=JOB_SEEKER_QUALIFIED&refId=%2BWscRhA2mLo7R3AyEfA1%2FA%3D%3D&trackingId=zY3TbwsARCbGg%2B6WhB0zoQ%3D%3D&trk=flagship3_search_srp_jobs
Graphic Designer,Adinath Holidays,"Pimpri Chinchwad, Maharashtra, India",Information Technology / Software,Game Designer ,https://www.linkedin.com/jobs/view/2750327849/?eBP=JOB_SEARCH_ORGANIC&refId=%2BWscRhA2mLo7R3AyEfA1%2FA%3D%3D&trackingId=8x8O4dBzKwHyLh211JFEzg%3D%3D&trk=flagship3_search_srp_jobs
Graphics Designer â€“ Purchase to Pay (Graphics & Art Design Professional),Siemens Technology India,"Bengaluru, Karnataka, India",Information Technology / Software,Game Designer ,https://www.linkedin.com/jobs/view/2746658346/?eBP=JOB_SEARCH_ORGANIC&recommendedFlavor=SCHOOL_RECRUIT&refId=%2BWscRhA2mLo7R3AyEfA1%2FA%3D%3D&trackingId=jZ1FP%2FxnERg91qbZyqXdxw%3D%3D&trk=flagship3_search_srp_jobs
